subfolder,image_name,size,created_date,status,updated_date,log
25-*****************************************************************************************_PMS,IMG_PNEO4_**************************************************N_R5C4.TIF,1640959971,2025-05-25 23:06:16,0,2025-05-28 09:15:39,
25-*****************************************************************************************_PMS,IMG_PNEO4_**************************************************N_R6C2.TIF,110559971,2025-05-25 23:06:23,0,2025-05-28 09:15:46,
25-*****************************************************************************************_PMS,IMG_PNEO4_**************************************************N_R3C4.TIF,1640959971,2025-05-25 22:37:43,0,2025-05-28 09:15:49,
25-*****************************************************************************************_PMS,IMG_PNEO4_**************************************************N_R5C2.TIF,1644171235,2025-05-25 22:59:53,0,2025-05-28 09:15:54,
25-*****************************************************************************************_PMS,IMG_PNEO4_**************************************************N_R3C3.TIF,1644171235,2025-05-25 22:34:36,0,2025-05-28 09:15:59,
25-*****************************************************************************************_PMS,IMG_PNEO4_**************************************************N_R2C1.TIF,1644171235,2025-05-25 22:12:09,0,2025-05-28 09:16:03,
25-*****************************************************************************************_PMS,IMG_PNEO4_**************************************************N_R5C1.TIF,1644171235,2025-05-25 22:56:42,0,2025-05-28 09:16:08,
25-*****************************************************************************************_PMS,IMG_PNEO4_**************************************************N_R3C1.TIF,1644171233,2025-05-25 22:28:13,0,2025-05-28 09:16:14,
25-*****************************************************************************************_PMS,IMG_PNEO4_**************************************************N_R2C3.TIF,1644171235,2025-05-25 22:18:39,0,2025-05-28 09:16:18,
25-*****************************************************************************************_PMS,IMG_PNEO4_**************************************************N_R3C2.TIF,1644171235,2025-05-25 22:31:10,0,2025-05-28 09:16:25,
25-*****************************************************************************************_PMS,IMG_PNEO4_**************************************************N_R6C3.TIF,110559971,2025-05-25 23:06:25,0,2025-05-28 09:16:31,
25-*****************************************************************************************_PMS,IMG_PNEO4_**************************************************N_R2C2.TIF,1644171235,2025-05-25 22:15:30,0,2025-05-28 09:16:35,
25-*****************************************************************************************_PMS,IMG_PNEO4_**************************************************N_R6C4.TIF,110344035,2025-05-25 23:06:28,0,2025-05-28 09:16:41,
25-*****************************************************************************************_PMS,IMG_PNEO4_**************************************************N_R1C3.TIF,1644171235,2025-05-25 22:00:55,0,2025-05-28 09:16:48,
25-*****************************************************************************************_PMS,IMG_PNEO4_**************************************************N_R4C2.TIF,1644171235,2025-05-25 22:47:49,0,2025-05-28 09:16:53,
25-*****************************************************************************************_PMS,IMG_PNEO4_**************************************************N_R4C4.TIF,1640959971,2025-05-25 22:54:25,0,2025-05-28 09:17:00,
25-*****************************************************************************************_PMS,IMG_PNEO4_**************************************************N_R6C1.TIF,110559971,2025-05-25 23:06:20,0,2025-05-28 09:17:07,
25-*****************************************************************************************_PMS,IMG_PNEO4_**************************************************N_R1C4.TIF,1640959971,2025-05-25 22:02:54,0,2025-05-28 09:17:13,
25-*****************************************************************************************_PMS,IMG_PNEO4_**************************************************N_R4C1.TIF,1644171235,2025-05-25 22:45:18,0,2025-05-28 09:17:23,
25-*****************************************************************************************_PMS,IMG_PNEO4_**************************************************N_R2C4.TIF,1640959969,2025-05-25 22:22:23,0,2025-05-28 09:17:28,
25-*****************************************************************************************_PMS,IMG_PNEO4_**************************************************N_R4C3.TIF,1644171233,2025-05-25 22:51:05,0,2025-05-28 09:17:33,
25-*****************************************************************************************_PMS,IMG_PNEO4_**************************************************N_R5C3.TIF,1644171235,2025-05-25 23:03:36,0,2025-05-28 09:17:39,
25-*****************************************************************************************_PMS,IMG_PNEO4_**************************************************N_R1C2.TIF,1644171235,2025-05-25 21:57:25,0,2025-05-28 09:17:43,
25-*****************************************************************************************_PMS,IMG_PNEO4_**************************************************N_R1C1.TIF,1644171235,2025-05-25 21:53:56,0,2025-05-28 09:17:49,
25-*****************************************************************************************_PMS,IMG_PNEO4_**************************************************N_R2C3.TIF,1644171235,2025-05-25 22:21:04,0,2025-05-28 09:17:53,
25-*****************************************************************************************_PMS,IMG_PNEO4_**************************************************N_R1C1.TIF,1644171235,2025-05-25 21:56:26,0,2025-05-28 09:17:59,
25-*****************************************************************************************_PMS,IMG_PNEO4_**************************************************N_R1C2.TIF,1644171235,2025-05-25 22:00:17,0,2025-05-28 09:18:04,
25-*****************************************************************************************_PMS,IMG_PNEO4_**************************************************N_R3C1.TIF,1644171235,2025-05-25 22:30:05,0,2025-05-28 09:18:08,
25-*****************************************************************************************_PMS,IMG_PNEO4_**************************************************N_R5C3.TIF,1274875075,2025-05-25 23:03:03,0,2025-05-28 09:18:14,
25-*****************************************************************************************_PMS,IMG_PNEO4_**************************************************N_R4C1.TIF,1644171235,2025-05-25 22:46:33,0,2025-05-28 09:18:18,
25-*****************************************************************************************_PMS,IMG_PNEO4_**************************************************N_R4C4.TIF,1598754787,2025-05-25 22:56:26,0,2025-05-28 09:18:23,
25-*****************************************************************************************_PMS,IMG_PNEO4_**************************************************N_R5C1.TIF,1274875075,2025-05-25 22:58:19,0,2025-05-28 09:18:28,
25-*****************************************************************************************_PMS,IMG_PNEO4_**************************************************N_R3C2.TIF,1644171235,2025-05-25 22:33:05,0,2025-05-28 09:18:34,
25-*****************************************************************************************_PMS,IMG_PNEO4_**************************************************N_R4C3.TIF,1644171235,2025-05-25 22:52:53,0,2025-05-28 09:18:39,
25-*****************************************************************************************_PMS,IMG_PNEO4_**************************************************N_R2C2.TIF,1644171235,2025-05-25 22:17:27,0,2025-05-28 09:18:44,
25-*****************************************************************************************_PMS,IMG_PNEO4_**************************************************N_R2C1.TIF,1644171235,2025-05-25 22:14:35,0,2025-05-28 09:18:50,
25-*****************************************************************************************_PMS,IMG_PNEO4_**************************************************N_R5C4.TIF,1239659587,2025-05-25 23:05:38,0,2025-05-28 09:18:56,
25-*****************************************************************************************_PMS,IMG_PNEO4_**************************************************N_R5C2.TIF,1274875075,2025-05-25 23:00:45,0,2025-05-28 09:19:01,
25-*****************************************************************************************_PMS,IMG_PNEO4_**************************************************N_R4C2.TIF,1644171233,2025-05-25 22:49:27,0,2025-05-28 09:19:07,
25-*****************************************************************************************_PMS,IMG_PNEO4_**************************************************N_R1C3.TIF,1644171235,2025-05-25 22:03:31,0,2025-05-28 09:19:11,
25-*****************************************************************************************_PMS,IMG_PNEO4_**************************************************N_R3C4.TIF,1598754787,2025-05-25 22:42:46,0,2025-05-28 09:19:21,
25-*****************************************************************************************_PMS,IMG_PNEO4_**************************************************N_R2C4.TIF,1598754787,2025-05-25 22:26:41,0,2025-05-28 09:19:29,
25-*****************************************************************************************_PMS,IMG_PNEO4_**************************************************N_R1C4.TIF,1598754787,2025-05-25 22:11:11,0,2025-05-28 09:19:34,
25-*****************************************************************************************_PMS,IMG_PNEO4_**************************************************N_R3C3.TIF,1644171235,2025-05-25 22:36:26,0,2025-05-28 09:19:38,
27-******************************************************************************************_PMS,IMG_PNEO3_**************************************************N_R4C2.TIF,1512509155,2025-05-27 17:16:37,0,2025-05-28 09:19:44,
27-******************************************************************************************_PMS,IMG_PNEO3_**************************************************N_R3C1.TIF,1644171235,2025-05-27 17:10:37,0,2025-05-28 09:19:49,
27-******************************************************************************************_PMS,IMG_PNEO3_**************************************************N_R4C3.TIF,1512509155,2025-05-27 17:17:57,0,2025-05-28 09:19:53,
27-******************************************************************************************_PMS,IMG_PNEO3_**************************************************N_R1C3.TIF,1644171235,2025-05-27 17:04:04,0,2025-05-28 09:20:00,
27-******************************************************************************************_PMS,IMG_PNEO3_**************************************************N_R2C1.TIF,1644171235,2025-05-27 17:05:53,0,2025-05-28 09:20:07,
27-******************************************************************************************_PMS,IMG_PNEO3_**************************************************N_R2C4.TIF,464719843,2025-05-27 17:09:09,0,2025-05-28 09:20:17,
27-******************************************************************************************_PMS,IMG_PNEO3_**************************************************N_R2C2.TIF,1644171235,2025-05-27 17:07:19,0,2025-05-28 09:20:21,
27-******************************************************************************************_PMS,IMG_PNEO3_**************************************************N_R3C3.TIF,1644171235,2025-05-27 17:13:36,0,2025-05-28 09:20:27,
27-******************************************************************************************_PMS,IMG_PNEO3_**************************************************N_R1C4.TIF,464719843,2025-05-27 17:04:25,0,2025-05-28 09:20:32,
27-******************************************************************************************_PMS,IMG_PNEO3_**************************************************N_R4C4.TIF,427506019,2025-05-27 17:18:13,0,2025-05-28 09:20:43,
27-******************************************************************************************_PMS,IMG_PNEO3_**************************************************N_R4C1.TIF,1512509153,2025-05-27 17:15:17,0,2025-05-28 09:20:48,
27-******************************************************************************************_PMS,IMG_PNEO3_**************************************************N_R3C4.TIF,464719843,2025-05-27 17:13:58,0,2025-05-28 09:20:54,
27-******************************************************************************************_PMS,IMG_PNEO3_**************************************************N_R2C3.TIF,1644171235,2025-05-27 17:08:46,0,2025-05-28 09:20:59,
27-******************************************************************************************_PMS,IMG_PNEO3_**************************************************N_R1C1.TIF,1644171235,2025-05-27 17:01:07,0,2025-05-28 09:21:03,
27-******************************************************************************************_PMS,IMG_PNEO3_**************************************************N_R1C2.TIF,1644171235,2025-05-27 17:02:35,0,2025-05-28 09:21:07,
27-******************************************************************************************_PMS,IMG_PNEO3_**************************************************N_R3C2.TIF,1644171235,2025-05-27 17:12:04,0,2025-05-28 09:21:12,
27-******************************************************************************************_PMS,IMG_PNEO3_**************************************************N_R4C1.TIF,1503792835,2025-05-27 17:14:57,0,2025-05-28 09:21:17,
27-******************************************************************************************_PMS,IMG_PNEO3_**************************************************N_R4C3.TIF,1503792835,2025-05-27 17:17:37,0,2025-05-28 09:21:22,
27-******************************************************************************************_PMS,IMG_PNEO3_**************************************************N_R1C2.TIF,1644171235,2025-05-27 17:02:06,0,2025-05-28 09:21:27,
27-******************************************************************************************_PMS,IMG_PNEO3_**************************************************N_R3C2.TIF,1644171233,2025-05-27 17:11:44,0,2025-05-28 09:21:32,
27-******************************************************************************************_PMS,IMG_PNEO3_**************************************************N_R1C4.TIF,484446177,2025-05-27 17:03:58,0,2025-05-28 09:21:37,
27-******************************************************************************************_PMS,IMG_PNEO3_**************************************************N_R2C3.TIF,1644171235,2025-05-27 17:08:22,0,2025-05-28 09:21:43,
27-******************************************************************************************_PMS,IMG_PNEO3_**************************************************N_R3C3.TIF,1644171233,2025-05-27 17:13:11,0,2025-05-28 09:21:49,
27-******************************************************************************************_PMS,IMG_PNEO3_**************************************************N_R2C2.TIF,1644171235,2025-05-27 17:06:53,0,2025-05-28 09:21:54,
27-******************************************************************************************_PMS,IMG_PNEO3_**************************************************N_R2C1.TIF,1644171235,2025-05-27 17:05:25,0,2025-05-28 09:21:58,
27-******************************************************************************************_PMS,IMG_PNEO3_**************************************************N_R4C2.TIF,1503792835,2025-05-27 17:16:17,0,2025-05-28 09:22:03,
27-******************************************************************************************_PMS,IMG_PNEO3_**************************************************N_R4C4.TIF,443084483,2025-05-27 17:18:03,0,2025-05-28 09:22:09,
27-******************************************************************************************_PMS,IMG_PNEO3_**************************************************N_R1C3.TIF,1644171235,2025-05-27 17:03:33,0,2025-05-28 09:22:14,
27-******************************************************************************************_PMS,IMG_PNEO3_**************************************************N_R1C1.TIF,1644171235,2025-05-27 17:00:37,0,2025-05-28 09:22:20,
27-******************************************************************************************_PMS,IMG_PNEO3_**************************************************N_R3C4.TIF,484446179,2025-05-27 17:13:40,0,2025-05-28 09:22:25,
27-******************************************************************************************_PMS,IMG_PNEO3_**************************************************N_R2C4.TIF,484446177,2025-05-27 17:08:50,0,2025-05-28 09:22:31,
27-******************************************************************************************_PMS,IMG_PNEO3_**************************************************N_R3C1.TIF,1644171235,2025-05-27 17:10:15,0,2025-05-28 09:22:37,
21-*****************************************************************************************_PMS,IMG_PNEO3_**************************************************N_R2C2.TIF,1644171235,2025-05-22 17:28:05,0,2025-05-28 09:22:43,
21-*****************************************************************************************_PMS,IMG_PNEO3_**************************************************N_R2C1.TIF,1644171235,2025-05-22 17:27:07,0,2025-05-28 09:22:47,
21-*****************************************************************************************_PMS,IMG_PNEO3_**************************************************N_R5C5.TIF,718730339,2025-05-22 17:42:20,0,2025-05-28 09:22:52,
21-*****************************************************************************************_PMS,IMG_PNEO3_**************************************************N_R3C4.TIF,1644171235,2025-05-22 17:34:38,0,2025-05-28 09:22:57,
21-*****************************************************************************************_PMS,IMG_PNEO3_**************************************************N_R1C4.TIF,1644171235,2025-05-22 17:25:05,0,2025-05-28 09:23:03,
21-*****************************************************************************************_PMS,IMG_PNEO3_**************************************************N_R4C5.TIF,1572605923,2025-05-22 17:40:19,0,2025-05-28 09:23:13,
21-*****************************************************************************************_PMS,IMG_PNEO3_**************************************************N_R5C4.TIF,751437923,2025-05-22 17:41:58,0,2025-05-28 09:23:18,
21-*****************************************************************************************_PMS,IMG_PNEO3_**************************************************N_R2C4.TIF,1644171235,2025-05-22 17:29:54,0,2025-05-28 09:23:25,
21-*****************************************************************************************_PMS,IMG_PNEO3_**************************************************N_R4C4.TIF,1644171235,2025-05-22 17:39:22,0,2025-05-28 09:23:31,
21-*****************************************************************************************_PMS,IMG_PNEO3_**************************************************N_R2C5.TIF,1572605923,2025-05-22 17:30:55,0,2025-05-28 09:23:36,
21-*****************************************************************************************_PMS,IMG_PNEO3_**************************************************N_R5C2.TIF,751437923,2025-05-22 17:41:11,0,2025-05-28 09:23:43,
21-*****************************************************************************************_PMS,IMG_PNEO3_**************************************************N_R4C1.TIF,1644171235,2025-05-22 17:36:36,0,2025-05-28 09:23:49,
21-*****************************************************************************************_PMS,IMG_PNEO3_**************************************************N_R3C2.TIF,1644171235,2025-05-22 17:32:51,0,2025-05-28 09:23:59,
21-*****************************************************************************************_PMS,IMG_PNEO3_**************************************************N_R3C5.TIF,1572605923,2025-05-22 17:35:36,0,2025-05-28 09:24:06,
21-*****************************************************************************************_PMS,IMG_PNEO3_**************************************************N_R1C2.TIF,1644171235,2025-05-22 17:23:15,0,2025-05-28 09:24:14,
21-*****************************************************************************************_PMS,IMG_PNEO3_**************************************************N_R1C5.TIF,1572605923,2025-05-22 17:26:05,0,2025-05-28 09:24:22,
21-*****************************************************************************************_PMS,IMG_PNEO3_**************************************************N_R3C1.TIF,1644171235,2025-05-22 17:31:56,0,2025-05-28 09:24:26,
21-*****************************************************************************************_PMS,IMG_PNEO3_**************************************************N_R3C3.TIF,1644171235,2025-05-22 17:33:44,0,2025-05-28 09:24:33,
21-*****************************************************************************************_PMS,IMG_PNEO3_**************************************************N_R2C3.TIF,1644171235,2025-05-22 17:29:01,0,2025-05-28 09:24:39,
21-*****************************************************************************************_PMS,IMG_PNEO3_**************************************************N_R4C3.TIF,1644171235,2025-05-22 17:38:26,0,2025-05-28 09:24:44,
21-*****************************************************************************************_PMS,IMG_PNEO3_**************************************************N_R1C3.TIF,1644171233,2025-05-22 17:24:10,0,2025-05-28 09:24:49,
21-*****************************************************************************************_PMS,IMG_PNEO3_**************************************************N_R4C2.TIF,1644171235,2025-05-22 17:37:30,0,2025-05-28 09:24:54,
21-*****************************************************************************************_PMS,IMG_PNEO3_**************************************************N_R1C1.TIF,1644171235,2025-05-22 17:22:22,0,2025-05-28 09:24:58,
21-*****************************************************************************************_PMS,IMG_PNEO3_**************************************************N_R5C3.TIF,751437921,2025-05-22 17:41:34,0,2025-05-28 09:25:05,
21-*****************************************************************************************_PMS,IMG_PNEO3_**************************************************N_R5C1.TIF,751437923,2025-05-22 17:40:46,0,2025-05-28 09:25:11,
21-*****************************************************************************************_PMS,IMG_PNEO3_**************************************************N_R2C4.TIF,1644171235,2025-05-22 17:50:38,0,2025-05-28 09:25:18,
21-*****************************************************************************************_PMS,IMG_PNEO3_**************************************************N_R4C3.TIF,1644171235,2025-05-22 17:59:27,0,2025-05-28 09:25:25,
21-*****************************************************************************************_PMS,IMG_PNEO3_**************************************************N_R3C3.TIF,1644171235,2025-05-22 17:54:36,0,2025-05-28 09:25:39,
21-*****************************************************************************************_PMS,IMG_PNEO3_**************************************************N_R3C5.TIF,1644171235,2025-05-22 17:56:22,0,2025-05-28 09:25:44,
21-*****************************************************************************************_PMS,IMG_PNEO3_**************************************************N_R3C1.TIF,1644171235,2025-05-22 17:52:50,0,2025-05-28 09:25:51,
21-*****************************************************************************************_PMS,IMG_PNEO3_**************************************************N_R1C1.TIF,1644171235,2025-05-22 17:43:14,0,2025-05-28 09:25:57,
21-*****************************************************************************************_PMS,IMG_PNEO3_**************************************************N_R5C3.TIF,1644171235,2025-05-22 18:04:22,0,2025-05-28 09:26:04,
21-*****************************************************************************************_PMS,IMG_PNEO3_**************************************************N_R3C4.TIF,1644171235,2025-05-22 17:55:30,0,2025-05-28 09:26:10,
21-*****************************************************************************************_PMS,IMG_PNEO3_**************************************************N_R4C2.TIF,1644171235,2025-05-22 17:58:31,0,2025-05-28 09:26:16,
21-*****************************************************************************************_PMS,IMG_PNEO3_**************************************************N_R1C4.TIF,1644171235,2025-05-22 17:45:45,0,2025-05-28 09:26:22,
21-*****************************************************************************************_PMS,IMG_PNEO3_**************************************************N_R4C1.TIF,1644171235,2025-05-22 17:57:35,0,2025-05-28 09:26:27,
